REF_DATE,Type of currency,VALUE
2023-01-01,"Australian dollar, daily average",
2023-01-02,"Australian dollar, daily average",
2023-01-03,"Australian dollar, daily average",0.9196
2023-01-04,"Australian dollar, daily average",0.9256
2023-01-05,"Australian dollar, daily average",0.9171
2023-01-06,"Australian dollar, daily average",0.922
2023-01-07,"Australian dollar, daily average",
2023-01-08,"Australian dollar, daily average",
2023-01-09,"Australian dollar, daily average",0.9274
2023-01-10,"Australian dollar, daily average",0.9241
2023-01-11,"Australian dollar, daily average",0.9265
2023-01-12,"Australian dollar, daily average",0.9303
2023-01-13,"Australian dollar, daily average",0.9326
2023-01-14,"Australian dollar, daily average",
2023-01-15,"Australian dollar, daily average",
2023-01-16,"Australian dollar, daily average",0.9321
2023-01-17,"Australian dollar, daily average",0.9343
2023-01-18,"Australian dollar, daily average",0.9391
2023-01-19,"Australian dollar, daily average",0.93
2023-01-20,"Australian dollar, daily average",0.9331
2023-01-21,"Australian dollar, daily average",
2023-01-22,"Australian dollar, daily average",
2023-01-23,"Australian dollar, daily average",0.9383
2023-01-24,"Australian dollar, daily average",0.9409
2023-01-25,"Australian dollar, daily average",0.949
2023-01-26,"Australian dollar, daily average",0.9486
2023-01-27,"Australian dollar, daily average",0.9462
2023-01-28,"Australian dollar, daily average",
2023-01-29,"Australian dollar, daily average",
2023-01-30,"Australian dollar, daily average",0.9443
2023-01-31,"Australian dollar, daily average",0.9401
2023-02-01,"Australian dollar, daily average",0.9435
2023-02-02,"Australian dollar, daily average",0.9445
2023-02-03,"Australian dollar, daily average",0.9317
2023-02-04,"Australian dollar, daily average",
2023-02-05,"Australian dollar, daily average",
2023-02-06,"Australian dollar, daily average",0.9247
2023-02-07,"Australian dollar, daily average",0.93
2023-02-08,"Australian dollar, daily average",0.9318
2023-02-09,"Australian dollar, daily average",0.9351
2023-02-10,"Australian dollar, daily average",0.9252
2023-02-11,"Australian dollar, daily average",
2023-02-12,"Australian dollar, daily average",
2023-02-13,"Australian dollar, daily average",0.9284
2023-02-14,"Australian dollar, daily average",0.9311
2023-02-15,"Australian dollar, daily average",0.9238
2023-02-16,"Australian dollar, daily average",0.9256
2023-02-17,"Australian dollar, daily average",0.9254
2023-02-18,"Australian dollar, daily average",
2023-02-19,"Australian dollar, daily average",
2023-02-20,"Australian dollar, daily average",
2023-02-21,"Australian dollar, daily average",0.9278
2023-02-22,"Australian dollar, daily average",0.9234
2023-02-23,"Australian dollar, daily average",0.9222
2023-02-24,"Australian dollar, daily average",0.9168
2023-02-25,"Australian dollar, daily average",
2023-02-26,"Australian dollar, daily average",
2023-02-27,"Australian dollar, daily average",0.9135
2023-02-28,"Australian dollar, daily average",0.9173
2023-03-01,"Australian dollar, daily average",0.9196
2023-03-02,"Australian dollar, daily average",0.9152
2023-03-03,"Australian dollar, daily average",0.9197
2023-03-04,"Australian dollar, daily average",
2023-03-05,"Australian dollar, daily average",
2023-03-06,"Australian dollar, daily average",0.9165
2023-03-07,"Australian dollar, daily average",0.9071
2023-03-08,"Australian dollar, daily average",0.9096
2023-03-09,"Australian dollar, daily average",0.9114
2023-03-10,"Australian dollar, daily average",0.9119
2023-03-11,"Australian dollar, daily average",
2023-03-12,"Australian dollar, daily average",
2023-03-13,"Australian dollar, daily average",0.9159
2023-03-14,"Australian dollar, daily average",0.9131
2023-03-15,"Australian dollar, daily average",0.912
2023-03-16,"Australian dollar, daily average",0.9138
2023-03-17,"Australian dollar, daily average",0.9196
2023-03-18,"Australian dollar, daily average",
2023-03-19,"Australian dollar, daily average",
2023-03-20,"Australian dollar, daily average",0.9179
2023-03-21,"Australian dollar, daily average",0.9135
2023-03-22,"Australian dollar, daily average",0.9171
2023-03-23,"Australian dollar, daily average",0.9169
2023-03-24,"Australian dollar, daily average",0.9142
2023-03-25,"Australian dollar, daily average",
2023-03-26,"Australian dollar, daily average",
2023-03-27,"Australian dollar, daily average",0.9091
2023-03-28,"Australian dollar, daily average",0.9124
2023-03-29,"Australian dollar, daily average",0.907
2023-03-30,"Australian dollar, daily average",0.9071
2023-03-31,"Australian dollar, daily average",0.906
2023-04-01,"Australian dollar, daily average",
2023-04-02,"Australian dollar, daily average",
2023-04-03,"Australian dollar, daily average",0.9107
2023-04-04,"Australian dollar, daily average",0.9065
2023-04-05,"Australian dollar, daily average",0.9036
2023-04-06,"Australian dollar, daily average",0.8995
2023-04-07,"Australian dollar, daily average",
2023-04-08,"Australian dollar, daily average",
2023-04-09,"Australian dollar, daily average",
2023-04-10,"Australian dollar, daily average",0.8972
2023-04-11,"Australian dollar, daily average",0.8971
2023-04-12,"Australian dollar, daily average",0.9002
2023-04-13,"Australian dollar, daily average",0.905
2023-04-14,"Australian dollar, daily average",0.8982
2023-04-15,"Australian dollar, daily average",
2023-04-16,"Australian dollar, daily average",
2023-04-17,"Australian dollar, daily average",0.8971
2023-04-18,"Australian dollar, daily average",0.9008
2023-04-19,"Australian dollar, daily average",0.9034
2023-04-20,"Australian dollar, daily average",0.9089
2023-04-21,"Australian dollar, daily average",0.9062
2023-04-22,"Australian dollar, daily average",
2023-04-23,"Australian dollar, daily average",
2023-04-24,"Australian dollar, daily average",0.9055
2023-04-25,"Australian dollar, daily average",0.9033
2023-04-26,"Australian dollar, daily average",0.9
2023-04-27,"Australian dollar, daily average",0.9009
2023-04-28,"Australian dollar, daily average",0.8968
2023-04-29,"Australian dollar, daily average",
2023-04-30,"Australian dollar, daily average",
2023-05-01,"Australian dollar, daily average",0.8996
2023-05-02,"Australian dollar, daily average",0.9087
2023-05-03,"Australian dollar, daily average",0.9084
2023-05-04,"Australian dollar, daily average",0.9066
2023-05-05,"Australian dollar, daily average",0.9049
2023-05-06,"Australian dollar, daily average",
2023-05-07,"Australian dollar, daily average",
2023-05-08,"Australian dollar, daily average",0.9068
2023-05-09,"Australian dollar, daily average",0.9048
2023-05-10,"Australian dollar, daily average",0.9055
2023-05-11,"Australian dollar, daily average",0.9035
2023-05-12,"Australian dollar, daily average",0.9007
2023-05-13,"Australian dollar, daily average",
2023-05-14,"Australian dollar, daily average",
2023-05-15,"Australian dollar, daily average",0.9029
2023-05-16,"Australian dollar, daily average",0.8966
2023-05-17,"Australian dollar, daily average",0.8965
2023-05-18,"Australian dollar, daily average",0.8932
2023-05-19,"Australian dollar, daily average",0.899
2023-05-20,"Australian dollar, daily average",
2023-05-21,"Australian dollar, daily average",
2023-05-22,"Australian dollar, daily average",
2023-05-23,"Australian dollar, daily average",0.8937
2023-05-24,"Australian dollar, daily average",0.8892
2023-05-25,"Australian dollar, daily average",0.8871
2023-05-26,"Australian dollar, daily average",0.8879
2023-05-27,"Australian dollar, daily average",
2023-05-28,"Australian dollar, daily average",
2023-05-29,"Australian dollar, daily average",0.8889
2023-05-30,"Australian dollar, daily average",0.8865
2023-05-31,"Australian dollar, daily average",0.8814
2023-06-01,"Australian dollar, daily average",0.8843
2023-06-02,"Australian dollar, daily average",0.8888
2023-06-03,"Australian dollar, daily average",
2023-06-04,"Australian dollar, daily average",
2023-06-05,"Australian dollar, daily average",0.8888
2023-06-06,"Australian dollar, daily average",0.8943
2023-06-07,"Australian dollar, daily average",0.8921
2023-06-08,"Australian dollar, daily average",0.8961
2023-06-09,"Australian dollar, daily average",0.8991
2023-06-10,"Australian dollar, daily average",
2023-06-11,"Australian dollar, daily average",
2023-06-12,"Australian dollar, daily average",0.9024
2023-06-13,"Australian dollar, daily average",0.9021
2023-06-14,"Australian dollar, daily average",0.9059
2023-06-15,"Australian dollar, daily average",0.909
2023-06-16,"Australian dollar, daily average",0.9068
2023-06-17,"Australian dollar, daily average",
2023-06-18,"Australian dollar, daily average",
2023-06-19,"Australian dollar, daily average",0.9042
2023-06-20,"Australian dollar, daily average",0.897
2023-06-21,"Australian dollar, daily average",0.8937
2023-06-22,"Australian dollar, daily average",0.8896
2023-06-23,"Australian dollar, daily average",0.8816
2023-06-24,"Australian dollar, daily average",
2023-06-25,"Australian dollar, daily average",
2023-06-26,"Australian dollar, daily average",0.8783
2023-06-27,"Australian dollar, daily average",0.8814
2023-06-28,"Australian dollar, daily average",0.8766
2023-06-29,"Australian dollar, daily average",0.8777
2023-06-30,"Australian dollar, daily average",0.8814
2023-07-01,"Australian dollar, daily average",
2023-07-02,"Australian dollar, daily average",
2023-07-03,"Australian dollar, daily average",
2023-07-04,"Australian dollar, daily average",0.8851
2023-07-05,"Australian dollar, daily average",0.8846
2023-07-06,"Australian dollar, daily average",0.8845
2023-07-07,"Australian dollar, daily average",0.8876
2023-07-08,"Australian dollar, daily average",
2023-07-09,"Australian dollar, daily average",
2023-07-10,"Australian dollar, daily average",0.8849
2023-07-11,"Australian dollar, daily average",0.8838
2023-07-12,"Australian dollar, daily average",0.8937
2023-07-13,"Australian dollar, daily average",0.9031
2023-07-14,"Australian dollar, daily average",0.9029
2023-07-15,"Australian dollar, daily average",
2023-07-16,"Australian dollar, daily average",
2023-07-17,"Australian dollar, daily average",0.8988
2023-07-18,"Australian dollar, daily average",0.8983
2023-07-19,"Australian dollar, daily average",0.8916
2023-07-20,"Australian dollar, daily average",0.8943
2023-07-21,"Australian dollar, daily average",0.8896
2023-07-22,"Australian dollar, daily average",
2023-07-23,"Australian dollar, daily average",
2023-07-24,"Australian dollar, daily average",0.8879
2023-07-25,"Australian dollar, daily average",0.894
2023-07-26,"Australian dollar, daily average",0.8925
2023-07-27,"Australian dollar, daily average",0.8894
2023-07-28,"Australian dollar, daily average",0.8814
2023-07-29,"Australian dollar, daily average",
2023-07-30,"Australian dollar, daily average",
2023-07-31,"Australian dollar, daily average",0.8858
2023-08-01,"Australian dollar, daily average",0.8786
2023-08-02,"Australian dollar, daily average",0.8735
2023-08-03,"Australian dollar, daily average",0.8739
2023-08-04,"Australian dollar, daily average",0.8799
2023-08-05,"Australian dollar, daily average",
2023-08-06,"Australian dollar, daily average",
2023-08-07,"Australian dollar, daily average",
2023-08-08,"Australian dollar, daily average",0.8774
2023-08-09,"Australian dollar, daily average",0.8775
2023-08-10,"Australian dollar, daily average",0.8789
2023-08-11,"Australian dollar, daily average",0.8741
2023-08-12,"Australian dollar, daily average",
2023-08-13,"Australian dollar, daily average",
2023-08-14,"Australian dollar, daily average",0.873
2023-08-15,"Australian dollar, daily average",0.8726
2023-08-16,"Australian dollar, daily average",0.8706
2023-08-17,"Australian dollar, daily average",0.868
2023-08-18,"Australian dollar, daily average",0.8681
2023-08-19,"Australian dollar, daily average",
2023-08-20,"Australian dollar, daily average",
2023-08-21,"Australian dollar, daily average",0.8677
2023-08-22,"Australian dollar, daily average",0.8706
2023-08-23,"Australian dollar, daily average",0.8752
2023-08-24,"Australian dollar, daily average",0.8721
2023-08-25,"Australian dollar, daily average",0.8725
2023-08-26,"Australian dollar, daily average",
2023-08-27,"Australian dollar, daily average",
2023-08-28,"Australian dollar, daily average",0.8733
2023-08-29,"Australian dollar, daily average",0.8768
2023-08-30,"Australian dollar, daily average",0.8784
2023-08-31,"Australian dollar, daily average",0.8762
2023-09-01,"Australian dollar, daily average",0.8775
2023-09-02,"Australian dollar, daily average",
2023-09-03,"Australian dollar, daily average",
2023-09-04,"Australian dollar, daily average",
2023-09-05,"Australian dollar, daily average",0.8691
2023-09-06,"Australian dollar, daily average",0.8714
2023-09-07,"Australian dollar, daily average",0.8724
2023-09-08,"Australian dollar, daily average",0.8704
2023-09-09,"Australian dollar, daily average",
2023-09-10,"Australian dollar, daily average",
2023-09-11,"Australian dollar, daily average",0.8739
2023-09-12,"Australian dollar, daily average",0.8706
2023-09-13,"Australian dollar, daily average",0.87
2023-09-14,"Australian dollar, daily average",0.8705
2023-09-15,"Australian dollar, daily average",0.8711
2023-09-16,"Australian dollar, daily average",
2023-09-17,"Australian dollar, daily average",
2023-09-18,"Australian dollar, daily average",0.8681
2023-09-19,"Australian dollar, daily average",0.8674
2023-09-20,"Australian dollar, daily average",0.8713
2023-09-21,"Australian dollar, daily average",0.8653
2023-09-22,"Australian dollar, daily average",0.8685
2023-09-23,"Australian dollar, daily average",
2023-09-24,"Australian dollar, daily average",
2023-09-25,"Australian dollar, daily average",0.8649
2023-09-26,"Australian dollar, daily average",0.8655
2023-09-27,"Australian dollar, daily average",0.8602
2023-09-28,"Australian dollar, daily average",0.8654
2023-09-29,"Australian dollar, daily average",0.8723
2023-09-30,"Australian dollar, daily average",
2023-10-01,"Australian dollar, daily average",
2023-10-02,"Australian dollar, daily average",
2023-10-03,"Australian dollar, daily average",0.864
2023-10-04,"Australian dollar, daily average",0.8696
2023-10-05,"Australian dollar, daily average",0.8727
2023-10-06,"Australian dollar, daily average",0.8716
2023-10-07,"Australian dollar, daily average",
2023-10-08,"Australian dollar, daily average",
2023-10-09,"Australian dollar, daily average",
2023-10-10,"Australian dollar, daily average",0.872
2023-10-11,"Australian dollar, daily average",0.8719
2023-10-12,"Australian dollar, daily average",0.8658
2023-10-13,"Australian dollar, daily average",0.8611
2023-10-14,"Australian dollar, daily average",
2023-10-15,"Australian dollar, daily average",
2023-10-16,"Australian dollar, daily average",0.8627
2023-10-17,"Australian dollar, daily average",0.8682
2023-10-18,"Australian dollar, daily average",0.8686
2023-10-19,"Australian dollar, daily average",0.8681
2023-10-20,"Australian dollar, daily average",0.8649
2023-10-21,"Australian dollar, daily average",
2023-10-22,"Australian dollar, daily average",
2023-10-23,"Australian dollar, daily average",0.8668
2023-10-24,"Australian dollar, daily average",0.8727
2023-10-25,"Australian dollar, daily average",0.8718
2023-10-26,"Australian dollar, daily average",0.8731
2023-10-27,"Australian dollar, daily average",0.8794
2023-10-28,"Australian dollar, daily average",
2023-10-29,"Australian dollar, daily average",
2023-10-30,"Australian dollar, daily average",0.8816
2023-10-31,"Australian dollar, daily average",0.8791
2023-11-01,"Australian dollar, daily average",0.8837
2023-11-02,"Australian dollar, daily average",0.8858
2023-11-03,"Australian dollar, daily average",0.8896
2023-11-04,"Australian dollar, daily average",
2023-11-05,"Australian dollar, daily average",
2023-11-06,"Australian dollar, daily average",0.8885
2023-11-07,"Australian dollar, daily average",0.8837
2023-11-08,"Australian dollar, daily average",0.8852
2023-11-09,"Australian dollar, daily average",0.8825
2023-11-10,"Australian dollar, daily average",0.8782
2023-11-11,"Australian dollar, daily average",
2023-11-12,"Australian dollar, daily average",
2023-11-13,"Australian dollar, daily average",
2023-11-14,"Australian dollar, daily average",0.8896
2023-11-15,"Australian dollar, daily average",0.8905
2023-11-16,"Australian dollar, daily average",0.8908
2023-11-17,"Australian dollar, daily average",0.8924
2023-11-18,"Australian dollar, daily average",
2023-11-19,"Australian dollar, daily average",
2023-11-20,"Australian dollar, daily average",0.8995
2023-11-21,"Australian dollar, daily average",0.8993
2023-11-22,"Australian dollar, daily average",0.8975
2023-11-23,"Australian dollar, daily average",0.8986
2023-11-24,"Australian dollar, daily average",0.8969
2023-11-25,"Australian dollar, daily average",
2023-11-26,"Australian dollar, daily average",
2023-11-27,"Australian dollar, daily average",0.8999
2023-11-28,"Australian dollar, daily average",0.9017
2023-11-29,"Australian dollar, daily average",0.8996
2023-11-30,"Australian dollar, daily average",0.8973
2023-12-01,"Australian dollar, daily average",0.8983
2023-12-02,"Australian dollar, daily average",
2023-12-03,"Australian dollar, daily average",
2023-12-04,"Australian dollar, daily average",0.8967
2023-12-05,"Australian dollar, daily average",0.8903
2023-12-06,"Australian dollar, daily average",0.8918
2023-12-07,"Australian dollar, daily average",0.8965
2023-12-08,"Australian dollar, daily average",0.8941
2023-12-09,"Australian dollar, daily average",
2023-12-10,"Australian dollar, daily average",
2023-12-11,"Australian dollar, daily average",0.8907
2023-12-12,"Australian dollar, daily average",0.892
2023-12-13,"Australian dollar, daily average",0.8941
2023-12-14,"Australian dollar, daily average",0.8994
2023-12-15,"Australian dollar, daily average",0.8968
2023-12-16,"Australian dollar, daily average",
2023-12-17,"Australian dollar, daily average",
2023-12-18,"Australian dollar, daily average",0.8978
2023-12-19,"Australian dollar, daily average",0.9019
2023-12-20,"Australian dollar, daily average",0.9015
2023-12-21,"Australian dollar, daily average",0.9031
2023-12-22,"Australian dollar, daily average",0.9029
2023-12-23,"Australian dollar, daily average",
2023-12-24,"Australian dollar, daily average",
2023-12-25,"Australian dollar, daily average",
2023-12-26,"Australian dollar, daily average",
2023-12-27,"Australian dollar, daily average",0.9036
2023-12-28,"Australian dollar, daily average",0.9038
2023-12-29,"Australian dollar, daily average",0.9001
2023-12-30,"Australian dollar, daily average",
2023-12-31,"Australian dollar, daily average",
2023-01-01,"Chinese renminbi, daily average",
2023-01-02,"Chinese renminbi, daily average",
2023-01-03,"Chinese renminbi, daily average",0.1976
2023-01-04,"Chinese renminbi, daily average",0.1961
2023-01-05,"Chinese renminbi, daily average",0.1971
2023-01-06,"Chinese renminbi, daily average",0.1971
2023-01-07,"Chinese renminbi, daily average",
2023-01-08,"Chinese renminbi, daily average",
2023-01-09,"Chinese renminbi, daily average",0.1975
2023-01-10,"Chinese renminbi, daily average",0.198
2023-01-11,"Chinese renminbi, daily average",0.1983
2023-01-12,"Chinese renminbi, daily average",0.1985
2023-01-13,"Chinese renminbi, daily average",0.1998
2023-01-14,"Chinese renminbi, daily average",
2023-01-15,"Chinese renminbi, daily average",
2023-01-16,"Chinese renminbi, daily average",0.199
2023-01-17,"Chinese renminbi, daily average",0.1977
2023-01-18,"Chinese renminbi, daily average",0.1991
2023-01-19,"Chinese renminbi, daily average",0.1988
2023-01-20,"Chinese renminbi, daily average",0.1978
2023-01-21,"Chinese renminbi, daily average",
2023-01-22,"Chinese renminbi, daily average",
2023-01-23,"Chinese renminbi, daily average",0.1972
2023-01-24,"Chinese renminbi, daily average",0.1971
2023-01-25,"Chinese renminbi, daily average",0.1974
2023-01-26,"Chinese renminbi, daily average",0.1968
2023-01-27,"Chinese renminbi, daily average",0.1962
2023-01-28,"Chinese renminbi, daily average",
2023-01-29,"Chinese renminbi, daily average",
2023-01-30,"Chinese renminbi, daily average",0.1979
2023-01-31,"Chinese renminbi, daily average",0.1976
2023-02-01,"Chinese renminbi, daily average",0.1976
2023-02-02,"Chinese renminbi, daily average",0.1978
2023-02-03,"Chinese renminbi, daily average",0.1978
2023-02-04,"Chinese renminbi, daily average",
2023-02-05,"Chinese renminbi, daily average",
2023-02-06,"Chinese renminbi, daily average",0.1979
2023-02-07,"Chinese renminbi, daily average",0.1978
2023-02-08,"Chinese renminbi, daily average",0.1978
2023-02-09,"Chinese renminbi, daily average",0.1981
2023-02-10,"Chinese renminbi, daily average",0.1962
2023-02-11,"Chinese renminbi, daily average",
2023-02-12,"Chinese renminbi, daily average",
2023-02-13,"Chinese renminbi, daily average",0.1955
2023-02-14,"Chinese renminbi, daily average",0.1956
2023-02-15,"Chinese renminbi, daily average",0.1957
2023-02-16,"Chinese renminbi, daily average",0.1959
2023-02-17,"Chinese renminbi, daily average",0.1963
2023-02-18,"Chinese renminbi, daily average",
2023-02-19,"Chinese renminbi, daily average",
2023-02-20,"Chinese renminbi, daily average",
2023-02-21,"Chinese renminbi, daily average",0.1966
2023-02-22,"Chinese renminbi, daily average",0.1965
2023-02-23,"Chinese renminbi, daily average",0.1962
2023-02-24,"Chinese renminbi, daily average",0.1959
2023-02-25,"Chinese renminbi, daily average",
2023-02-26,"Chinese renminbi, daily average",
2023-02-27,"Chinese renminbi, daily average",0.1954
2023-02-28,"Chinese renminbi, daily average",0.1963
2023-03-01,"Chinese renminbi, daily average",0.1982
2023-03-02,"Chinese renminbi, daily average",0.1969
2023-03-03,"Chinese renminbi, daily average",0.197
2023-03-04,"Chinese renminbi, daily average",
2023-03-05,"Chinese renminbi, daily average",
2023-03-06,"Chinese renminbi, daily average",0.1964
2023-03-07,"Chinese renminbi, daily average",0.1972
2023-03-08,"Chinese renminbi, daily average",0.1983
2023-03-09,"Chinese renminbi, daily average",0.198
2023-03-10,"Chinese renminbi, daily average",0.1996
2023-03-11,"Chinese renminbi, daily average",
2023-03-12,"Chinese renminbi, daily average",
2023-03-13,"Chinese renminbi, daily average",0.2004
2023-03-14,"Chinese renminbi, daily average",0.199
2023-03-15,"Chinese renminbi, daily average",0.1996
2023-03-16,"Chinese renminbi, daily average",0.1992
2023-03-17,"Chinese renminbi, daily average",0.1994
2023-03-18,"Chinese renminbi, daily average",
2023-03-19,"Chinese renminbi, daily average",
2023-03-20,"Chinese renminbi, daily average",0.1988
2023-03-21,"Chinese renminbi, daily average",0.1992
2023-03-22,"Chinese renminbi, daily average",0.1992
2023-03-23,"Chinese renminbi, daily average",0.2004
2023-03-24,"Chinese renminbi, daily average",0.2004
2023-03-25,"Chinese renminbi, daily average",
2023-03-26,"Chinese renminbi, daily average",
2023-03-27,"Chinese renminbi, daily average",0.1987
2023-03-28,"Chinese renminbi, daily average",0.1982
2023-03-29,"Chinese renminbi, daily average",0.1971
2023-03-30,"Chinese renminbi, daily average",0.1969
2023-03-31,"Chinese renminbi, daily average",0.197
2023-04-01,"Chinese renminbi, daily average",
2023-04-02,"Chinese renminbi, daily average",
2023-04-03,"Chinese renminbi, daily average",0.1953
2023-04-04,"Chinese renminbi, daily average",0.1954
2023-04-05,"Chinese renminbi, daily average",0.1956
2023-04-06,"Chinese renminbi, daily average",0.196
2023-04-07,"Chinese renminbi, daily average",
2023-04-08,"Chinese renminbi, daily average",
2023-04-09,"Chinese renminbi, daily average",
2023-04-10,"Chinese renminbi, daily average",0.1966
2023-04-11,"Chinese renminbi, daily average",0.1958
2023-04-12,"Chinese renminbi, daily average",0.1956
2023-04-13,"Chinese renminbi, daily average",0.1945
2023-04-14,"Chinese renminbi, daily average",0.1946
2023-04-15,"Chinese renminbi, daily average",
2023-04-16,"Chinese renminbi, daily average",
2023-04-17,"Chinese renminbi, daily average",0.1948
2023-04-18,"Chinese renminbi, daily average",0.1947
2023-04-19,"Chinese renminbi, daily average",0.1952
2023-04-20,"Chinese renminbi, daily average",0.1959
2023-04-21,"Chinese renminbi, daily average",0.1964
2023-04-22,"Chinese renminbi, daily average",
2023-04-23,"Chinese renminbi, daily average",
2023-04-24,"Chinese renminbi, daily average",0.1964
2023-04-25,"Chinese renminbi, daily average",0.1966
2023-04-26,"Chinese renminbi, daily average",0.1967
2023-04-27,"Chinese renminbi, daily average",0.1966
2023-04-28,"Chinese renminbi, daily average",0.1964
2023-04-29,"Chinese renminbi, daily average",
2023-04-30,"Chinese renminbi, daily average",
2023-05-01,"Chinese renminbi, daily average",0.196
2023-05-02,"Chinese renminbi, daily average",0.197
2023-05-03,"Chinese renminbi, daily average",0.197
2023-05-04,"Chinese renminbi, daily average",0.1963
2023-05-05,"Chinese renminbi, daily average",0.1942
2023-05-06,"Chinese renminbi, daily average",
2023-05-07,"Chinese renminbi, daily average",
2023-05-08,"Chinese renminbi, daily average",0.1931
2023-05-09,"Chinese renminbi, daily average",0.1935
2023-05-10,"Chinese renminbi, daily average",0.193
2023-05-11,"Chinese renminbi, daily average",0.194
2023-05-12,"Chinese renminbi, daily average",0.1946
2023-05-13,"Chinese renminbi, daily average",
2023-05-14,"Chinese renminbi, daily average",
2023-05-15,"Chinese renminbi, daily average",0.194
2023-05-16,"Chinese renminbi, daily average",0.1929
2023-05-17,"Chinese renminbi, daily average",0.1924
2023-05-18,"Chinese renminbi, daily average",0.1919
2023-05-19,"Chinese renminbi, daily average",0.1926
2023-05-20,"Chinese renminbi, daily average",
2023-05-21,"Chinese renminbi, daily average",
2023-05-22,"Chinese renminbi, daily average",
2023-05-23,"Chinese renminbi, daily average",0.1915
2023-05-24,"Chinese renminbi, daily average",0.1925
2023-05-25,"Chinese renminbi, daily average",0.1926
2023-05-26,"Chinese renminbi, daily average",0.1929
2023-05-27,"Chinese renminbi, daily average",
2023-05-28,"Chinese renminbi, daily average",
2023-05-29,"Chinese renminbi, daily average",0.1922
2023-05-30,"Chinese renminbi, daily average",0.1921
2023-05-31,"Chinese renminbi, daily average",0.1913
2023-06-01,"Chinese renminbi, daily average",0.1899
2023-06-02,"Chinese renminbi, daily average",0.1897
2023-06-03,"Chinese renminbi, daily average",
2023-06-04,"Chinese renminbi, daily average",
2023-06-05,"Chinese renminbi, daily average",0.189
2023-06-06,"Chinese renminbi, daily average",0.1885
2023-06-07,"Chinese renminbi, daily average",0.1878
2023-06-08,"Chinese renminbi, daily average",0.1877
2023-06-09,"Chinese renminbi, daily average",0.1871
2023-06-10,"Chinese renminbi, daily average",
2023-06-11,"Chinese renminbi, daily average",
2023-06-12,"Chinese renminbi, daily average",0.1871
2023-06-13,"Chinese renminbi, daily average",0.186
2023-06-14,"Chinese renminbi, daily average",0.1859
2023-06-15,"Chinese renminbi, daily average",0.1857
2023-06-16,"Chinese renminbi, daily average",0.1852
2023-06-17,"Chinese renminbi, daily average",
2023-06-18,"Chinese renminbi, daily average",
2023-06-19,"Chinese renminbi, daily average",0.1844
2023-06-20,"Chinese renminbi, daily average",0.1844
2023-06-21,"Chinese renminbi, daily average",0.1836
2023-06-22,"Chinese renminbi, daily average",0.1833
2023-06-23,"Chinese renminbi, daily average",0.1838
2023-06-24,"Chinese renminbi, daily average",
2023-06-25,"Chinese renminbi, daily average",
2023-06-26,"Chinese renminbi, daily average",0.1817
2023-06-27,"Chinese renminbi, daily average",0.1825
2023-06-28,"Chinese renminbi, daily average",0.1829
2023-06-29,"Chinese renminbi, daily average",0.1828
2023-06-30,"Chinese renminbi, daily average",0.1825
2023-07-01,"Chinese renminbi, daily average",
2023-07-02,"Chinese renminbi, daily average",
2023-07-03,"Chinese renminbi, daily average",
2023-07-04,"Chinese renminbi, daily average",0.1832
2023-07-05,"Chinese renminbi, daily average",0.1832
2023-07-06,"Chinese renminbi, daily average",0.1841
2023-07-07,"Chinese renminbi, daily average",0.184
2023-07-08,"Chinese renminbi, daily average",
2023-07-09,"Chinese renminbi, daily average",
2023-07-10,"Chinese renminbi, daily average",0.1836
2023-07-11,"Chinese renminbi, daily average",0.1839
2023-07-12,"Chinese renminbi, daily average",0.1839
2023-07-13,"Chinese renminbi, daily average",0.1835
2023-07-14,"Chinese renminbi, daily average",0.1846
2023-07-15,"Chinese renminbi, daily average",
2023-07-16,"Chinese renminbi, daily average",
2023-07-17,"Chinese renminbi, daily average",0.1839
2023-07-18,"Chinese renminbi, daily average",0.1837
2023-07-19,"Chinese renminbi, daily average",0.1823
2023-07-20,"Chinese renminbi, daily average",0.1836
2023-07-21,"Chinese renminbi, daily average",0.1839
2023-07-22,"Chinese renminbi, daily average",
2023-07-23,"Chinese renminbi, daily average",
2023-07-24,"Chinese renminbi, daily average",0.1833
2023-07-25,"Chinese renminbi, daily average",0.1847
2023-07-26,"Chinese renminbi, daily average",0.1849
2023-07-27,"Chinese renminbi, daily average",0.1841
2023-07-28,"Chinese renminbi, daily average",0.185
2023-07-29,"Chinese renminbi, daily average",
2023-07-30,"Chinese renminbi, daily average",
2023-07-31,"Chinese renminbi, daily average",0.1844
2023-08-01,"Chinese renminbi, daily average",0.1852
2023-08-02,"Chinese renminbi, daily average",0.1855
2023-08-03,"Chinese renminbi, daily average",0.1862
2023-08-04,"Chinese renminbi, daily average",0.1862
2023-08-05,"Chinese renminbi, daily average",
2023-08-06,"Chinese renminbi, daily average",
2023-08-07,"Chinese renminbi, daily average",
2023-08-08,"Chinese renminbi, daily average",0.1864
2023-08-09,"Chinese renminbi, daily average",0.1863
2023-08-10,"Chinese renminbi, daily average",0.1859
2023-08-11,"Chinese renminbi, daily average",0.1858
2023-08-12,"Chinese renminbi, daily average",
2023-08-13,"Chinese renminbi, daily average",
2023-08-14,"Chinese renminbi, daily average",0.1854
2023-08-15,"Chinese renminbi, daily average",0.1851
2023-08-16,"Chinese renminbi, daily average",0.1852
2023-08-17,"Chinese renminbi, daily average",0.1855
2023-08-18,"Chinese renminbi, daily average",0.186
2023-08-19,"Chinese renminbi, daily average",
2023-08-20,"Chinese renminbi, daily average",
2023-08-21,"Chinese renminbi, daily average",0.1859
2023-08-22,"Chinese renminbi, daily average",0.1857
2023-08-23,"Chinese renminbi, daily average",0.1861
2023-08-24,"Chinese renminbi, daily average",0.1863
2023-08-25,"Chinese renminbi, daily average",0.1867
2023-08-26,"Chinese renminbi, daily average",
2023-08-27,"Chinese renminbi, daily average",
2023-08-28,"Chinese renminbi, daily average",0.1865
2023-08-29,"Chinese renminbi, daily average",0.1866
2023-08-30,"Chinese renminbi, daily average",0.1858
2023-08-31,"Chinese renminbi, daily average",0.1864
2023-09-01,"Chinese renminbi, daily average",0.1871
2023-09-02,"Chinese renminbi, daily average",
2023-09-03,"Chinese renminbi, daily average",
2023-09-04,"Chinese renminbi, daily average",
2023-09-05,"Chinese renminbi, daily average",0.1866
2023-09-06,"Chinese renminbi, daily average",0.1867
2023-09-07,"Chinese renminbi, daily average",0.1866
2023-09-08,"Chinese renminbi, daily average",0.1856
2023-09-09,"Chinese renminbi, daily average",
2023-09-10,"Chinese renminbi, daily average",
2023-09-11,"Chinese renminbi, daily average",0.1863
2023-09-12,"Chinese renminbi, daily average",0.1859
2023-09-13,"Chinese renminbi, daily average",0.1863
2023-09-14,"Chinese renminbi, daily average",0.1857
2023-09-15,"Chinese renminbi, daily average",0.1859
2023-09-16,"Chinese renminbi, daily average",
2023-09-17,"Chinese renminbi, daily average",
2023-09-18,"Chinese renminbi, daily average",0.185
2023-09-19,"Chinese renminbi, daily average",0.184
2023-09-20,"Chinese renminbi, daily average",0.1841
2023-09-21,"Chinese renminbi, daily average",0.1845
2023-09-22,"Chinese renminbi, daily average",0.1844
2023-09-23,"Chinese renminbi, daily average",
2023-09-24,"Chinese renminbi, daily average",
2023-09-25,"Chinese renminbi, daily average",0.1842
2023-09-26,"Chinese renminbi, daily average",0.1848
2023-09-27,"Chinese renminbi, daily average",0.1849
2023-09-28,"Chinese renminbi, daily average",0.1848
2023-09-29,"Chinese renminbi, daily average",0.1852
2023-09-30,"Chinese renminbi, daily average",
2023-10-01,"Chinese renminbi, daily average",
2023-10-02,"Chinese renminbi, daily average",
2023-10-03,"Chinese renminbi, daily average",0.1878
2023-10-04,"Chinese renminbi, daily average",0.1882
2023-10-05,"Chinese renminbi, daily average",0.1881
2023-10-06,"Chinese renminbi, daily average",0.1874
2023-10-07,"Chinese renminbi, daily average",
2023-10-08,"Chinese renminbi, daily average",
2023-10-09,"Chinese renminbi, daily average",
2023-10-10,"Chinese renminbi, daily average",0.1863
2023-10-11,"Chinese renminbi, daily average",0.1863
2023-10-12,"Chinese renminbi, daily average",0.187
2023-10-13,"Chinese renminbi, daily average",0.187
2023-10-14,"Chinese renminbi, daily average",
2023-10-15,"Chinese renminbi, daily average",
2023-10-16,"Chinese renminbi, daily average",0.1863
2023-10-17,"Chinese renminbi, daily average",0.1866
2023-10-18,"Chinese renminbi, daily average",0.1871
2023-10-19,"Chinese renminbi, daily average",0.1875
2023-10-20,"Chinese renminbi, daily average",0.1872
2023-10-21,"Chinese renminbi, daily average",
2023-10-22,"Chinese renminbi, daily average",
2023-10-23,"Chinese renminbi, daily average",0.1872
2023-10-24,"Chinese renminbi, daily average",0.1878
2023-10-25,"Chinese renminbi, daily average",0.1884
2023-10-26,"Chinese renminbi, daily average",0.189
2023-10-27,"Chinese renminbi, daily average",0.1894
2023-10-28,"Chinese renminbi, daily average",
2023-10-29,"Chinese renminbi, daily average",
2023-10-30,"Chinese renminbi, daily average",0.1891
2023-10-31,"Chinese renminbi, daily average",0.1896
2023-11-01,"Chinese renminbi, daily average",0.1896
2023-11-02,"Chinese renminbi, daily average",0.1883
2023-11-03,"Chinese renminbi, daily average",0.1873
2023-11-04,"Chinese renminbi, daily average",
2023-11-05,"Chinese renminbi, daily average",
2023-11-06,"Chinese renminbi, daily average",0.1881
2023-11-07,"Chinese renminbi, daily average",0.189
2023-11-08,"Chinese renminbi, daily average",0.1895
2023-11-09,"Chinese renminbi, daily average",0.1892
2023-11-10,"Chinese renminbi, daily average",0.1896
2023-11-11,"Chinese renminbi, daily average",
2023-11-12,"Chinese renminbi, daily average",
2023-11-13,"Chinese renminbi, daily average",
2023-11-14,"Chinese renminbi, daily average",0.189
2023-11-15,"Chinese renminbi, daily average",0.1887
2023-11-16,"Chinese renminbi, daily average",0.1898
2023-11-17,"Chinese renminbi, daily average",0.1902
2023-11-18,"Chinese renminbi, daily average",
2023-11-19,"Chinese renminbi, daily average",
2023-11-20,"Chinese renminbi, daily average",0.1914
2023-11-21,"Chinese renminbi, daily average",0.192
2023-11-22,"Chinese renminbi, daily average",0.1918
2023-11-23,"Chinese renminbi, daily average",0.1917
2023-11-24,"Chinese renminbi, daily average",0.1905
2023-11-25,"Chinese renminbi, daily average",
2023-11-26,"Chinese renminbi, daily average",
2023-11-27,"Chinese renminbi, daily average",0.1906
2023-11-28,"Chinese renminbi, daily average",0.19
2023-11-29,"Chinese renminbi, daily average",0.1906
2023-11-30,"Chinese renminbi, daily average",0.1903
2023-12-01,"Chinese renminbi, daily average",0.1892
2023-12-02,"Chinese renminbi, daily average",
2023-12-03,"Chinese renminbi, daily average",
2023-12-04,"Chinese renminbi, daily average",0.1896
2023-12-05,"Chinese renminbi, daily average",0.19
2023-12-06,"Chinese renminbi, daily average",0.1896
2023-12-07,"Chinese renminbi, daily average",0.1901
2023-12-08,"Chinese renminbi, daily average",0.1896
2023-12-09,"Chinese renminbi, daily average",
2023-12-10,"Chinese renminbi, daily average",
2023-12-11,"Chinese renminbi, daily average",0.1891
2023-12-12,"Chinese renminbi, daily average",0.1895
2023-12-13,"Chinese renminbi, daily average",0.189
2023-12-14,"Chinese renminbi, daily average",0.1886
2023-12-15,"Chinese renminbi, daily average",0.188
2023-12-16,"Chinese renminbi, daily average",
2023-12-17,"Chinese renminbi, daily average",
2023-12-18,"Chinese renminbi, daily average",0.1876
2023-12-19,"Chinese renminbi, daily average",0.1871
2023-12-20,"Chinese renminbi, daily average",0.1868
2023-12-21,"Chinese renminbi, daily average",0.1864
2023-12-22,"Chinese renminbi, daily average",0.1859
2023-12-23,"Chinese renminbi, daily average",
2023-12-24,"Chinese renminbi, daily average",
2023-12-25,"Chinese renminbi, daily average",
2023-12-26,"Chinese renminbi, daily average",
2023-12-27,"Chinese renminbi, daily average",0.1849
2023-12-28,"Chinese renminbi, daily average",0.1859
2023-12-29,"Chinese renminbi, daily average",0.1863
2023-12-30,"Chinese renminbi, daily average",
2023-12-31,"Chinese renminbi, daily average",
2023-01-01,"European euro, daily average",
2023-01-02,"European euro, daily average",
2023-01-03,"European euro, daily average",1.442
2023-01-04,"European euro, daily average",1.4327
2023-01-05,"European euro, daily average",1.4293
2023-01-06,"European euro, daily average",1.4295
2023-01-07,"European euro, daily average",
2023-01-08,"European euro, daily average",
2023-01-09,"European euro, daily average",1.4365
2023-01-10,"European euro, daily average",1.4407
2023-01-11,"European euro, daily average",1.4436
2023-01-12,"European euro, daily average",1.4479
2023-01-13,"European euro, daily average",1.4505
2023-01-14,"European euro, daily average",
2023-01-15,"European euro, daily average",
2023-01-16,"European euro, daily average",1.4493
2023-01-17,"European euro, daily average",1.4475
2023-01-18,"European euro, daily average",1.4541
2023-01-19,"European euro, daily average",1.4572
2023-01-20,"European euro, daily average",1.4545
2023-01-21,"European euro, daily average",
2023-01-22,"European euro, daily average",
2023-01-23,"European euro, daily average",1.4536
2023-01-24,"European euro, daily average",1.4539
2023-01-25,"European euro, daily average",1.4597
2023-01-26,"European euro, daily average",1.4525
2023-01-27,"European euro, daily average",1.4464
2023-01-28,"European euro, daily average",
2023-01-29,"European euro, daily average",
2023-01-30,"European euro, daily average",1.4517
2023-01-31,"European euro, daily average",1.4497
2023-02-01,"European euro, daily average",1.4549
2023-02-02,"European euro, daily average",1.4545
2023-02-03,"European euro, daily average",1.4508
2023-02-04,"European euro, daily average",
2023-02-05,"European euro, daily average",
2023-02-06,"European euro, daily average",1.443
2023-02-07,"European euro, daily average",1.438
2023-02-08,"European euro, daily average",1.4405
2023-02-09,"European euro, daily average",1.4443
2023-02-10,"European euro, daily average",1.4272
2023-02-11,"European euro, daily average",
2023-02-12,"European euro, daily average",
2023-02-13,"European euro, daily average",1.4291
2023-02-14,"European euro, daily average",1.433
2023-02-15,"European euro, daily average",1.4322
2023-02-16,"European euro, daily average",1.4357
2023-02-17,"European euro, daily average",1.4393
2023-02-18,"European euro, daily average",
2023-02-19,"European euro, daily average",
2023-02-20,"European euro, daily average",
2023-02-21,"European euro, daily average",1.4405
2023-02-22,"European euro, daily average",1.4393
2023-02-23,"European euro, daily average",1.4357
2023-02-24,"European euro, daily average",1.4372
2023-02-25,"European euro, daily average",
2023-02-26,"European euro, daily average",
2023-02-27,"European euro, daily average",1.4381
2023-02-28,"European euro, daily average",1.4434
2023-03-01,"European euro, daily average",1.4517
2023-03-02,"European euro, daily average",1.4425
2023-03-03,"European euro, daily average",1.4453
2023-03-04,"European euro, daily average",
2023-03-05,"European euro, daily average",
2023-03-06,"European euro, daily average",1.4532
2023-03-07,"European euro, daily average",1.4528
2023-03-08,"European euro, daily average",1.4541
2023-03-09,"European euro, daily average",1.4585
2023-03-10,"European euro, daily average",1.4707
2023-03-11,"European euro, daily average",
2023-03-12,"European euro, daily average",
2023-03-13,"European euro, daily average",1.4718
2023-03-14,"European euro, daily average",1.4674
2023-03-15,"European euro, daily average",1.4544
2023-03-16,"European euro, daily average",1.4575
2023-03-17,"European euro, daily average",1.4627
2023-03-18,"European euro, daily average",
2023-03-19,"European euro, daily average",
2023-03-20,"European euro, daily average",1.4658
2023-03-21,"European euro, daily average",1.4762
2023-03-22,"European euro, daily average",1.4819
2023-03-23,"European euro, daily average",1.4871
2023-03-24,"European euro, daily average",1.4802
2023-03-25,"European euro, daily average",
2023-03-26,"European euro, daily average",
2023-03-27,"European euro, daily average",1.4758
2023-03-28,"European euro, daily average",1.4768
2023-03-29,"European euro, daily average",1.4716
2023-03-30,"European euro, daily average",1.4757
2023-03-31,"European euro, daily average",1.4708
2023-04-01,"European euro, daily average",
2023-04-02,"European euro, daily average",
2023-04-03,"European euro, daily average",1.463
2023-04-04,"European euro, daily average",1.4709
2023-04-05,"European euro, daily average",1.4695
2023-04-06,"European euro, daily average",1.4718
2023-04-07,"European euro, daily average",
2023-04-08,"European euro, daily average",
2023-04-09,"European euro, daily average",
2023-04-10,"European euro, daily average",1.4678
2023-04-11,"European euro, daily average",1.471
2023-04-12,"European euro, daily average",1.4771
2023-04-13,"European euro, daily average",1.4761
2023-04-14,"European euro, daily average",1.4702
2023-04-15,"European euro, daily average",
2023-04-16,"European euro, daily average",
2023-04-17,"European euro, daily average",1.4644
2023-04-18,"European euro, daily average",1.4679
2023-04-19,"European euro, daily average",1.4731
2023-04-20,"European euro, daily average",1.4773
2023-04-21,"European euro, daily average",1.4863
2023-04-22,"European euro, daily average",
2023-04-23,"European euro, daily average",
2023-04-24,"European euro, daily average",1.4937
2023-04-25,"European euro, daily average",1.4963
2023-04-26,"European euro, daily average",1.5053
2023-04-27,"European euro, daily average",1.4997
2023-04-28,"European euro, daily average",1.4959
2023-04-29,"European euro, daily average",
2023-04-30,"European euro, daily average",
2023-05-01,"European euro, daily average",1.4881
2023-05-02,"European euro, daily average",1.4959
2023-05-03,"European euro, daily average",1.5043
2023-05-04,"European euro, daily average",1.4951
2023-05-05,"European euro, daily average",1.4784
2023-05-06,"European euro, daily average",
2023-05-07,"European euro, daily average",
2023-05-08,"European euro, daily average",1.472
2023-05-09,"European euro, daily average",1.4675
2023-05-10,"European euro, daily average",1.468
2023-05-11,"European euro, daily average",1.4716
2023-05-12,"European euro, daily average",1.4705
2023-05-13,"European euro, daily average",
2023-05-14,"European euro, daily average",
2023-05-15,"European euro, daily average",1.4667
2023-05-16,"European euro, daily average",1.4625
2023-05-17,"European euro, daily average",1.4585
2023-05-18,"European euro, daily average",1.4548
2023-05-19,"European euro, daily average",1.4593
2023-05-20,"European euro, daily average",
2023-05-21,"European euro, daily average",
2023-05-22,"European euro, daily average",
2023-05-23,"European euro, daily average",1.455
2023-05-24,"European euro, daily average",1.4622
2023-05-25,"European euro, daily average",1.4612
2023-05-26,"European euro, daily average",1.4612
2023-05-27,"European euro, daily average",
2023-05-28,"European euro, daily average",
2023-05-29,"European euro, daily average",1.4561
2023-05-30,"European euro, daily average",1.4584
2023-05-31,"European euro, daily average",1.4511
2023-06-01,"European euro, daily average",1.4481
2023-06-02,"European euro, daily average",1.4412
2023-06-03,"European euro, daily average",
2023-06-04,"European euro, daily average",
2023-06-05,"European euro, daily average",1.4382
2023-06-06,"European euro, daily average",1.4338
2023-06-07,"European euro, daily average",1.4321
2023-06-08,"European euro, daily average",1.4388
2023-06-09,"European euro, daily average",1.435
2023-06-10,"European euro, daily average",
2023-06-11,"European euro, daily average",
2023-06-12,"European euro, daily average",1.4376
2023-06-13,"European euro, daily average",1.4369
2023-06-14,"European euro, daily average",1.4416
2023-06-15,"European euro, daily average",1.4471
2023-06-16,"European euro, daily average",1.4439
2023-06-17,"European euro, daily average",
2023-06-18,"European euro, daily average",
2023-06-19,"European euro, daily average",1.4422
2023-06-20,"European euro, daily average",1.4449
2023-06-21,"European euro, daily average",1.4442
2023-06-22,"European euro, daily average",1.443
2023-06-23,"European euro, daily average",1.4374
2023-06-24,"European euro, daily average",
2023-06-25,"European euro, daily average",
2023-06-26,"European euro, daily average",1.4349
2023-06-27,"European euro, daily average",1.444
2023-06-28,"European euro, daily average",1.4474
2023-06-29,"European euro, daily average",1.4422
2023-06-30,"European euro, daily average",1.4445
2023-07-01,"European euro, daily average",
2023-07-02,"European euro, daily average",
2023-07-03,"European euro, daily average",
2023-07-04,"European euro, daily average",1.4403
2023-07-05,"European euro, daily average",1.4429
2023-07-06,"European euro, daily average",1.4514
2023-07-07,"European euro, daily average",1.4553
2023-07-08,"European euro, daily average",
2023-07-09,"European euro, daily average",
2023-07-10,"European euro, daily average",1.4586
2023-07-11,"European euro, daily average",1.4578
2023-07-12,"European euro, daily average",1.4652
2023-07-13,"European euro, daily average",1.4703
2023-07-14,"European euro, daily average",1.4807
2023-07-15,"European euro, daily average",
2023-07-16,"European euro, daily average",
2023-07-17,"European euro, daily average",1.4813
2023-07-18,"European euro, daily average",1.4811
2023-07-19,"European euro, daily average",1.4751
2023-07-20,"European euro, daily average",1.4682
2023-07-21,"European euro, daily average",1.4695
2023-07-22,"European euro, daily average",
2023-07-23,"European euro, daily average",
2023-07-24,"European euro, daily average",1.4593
2023-07-25,"European euro, daily average",1.456
2023-07-26,"European euro, daily average",1.4637
2023-07-27,"European euro, daily average",1.4527
2023-07-28,"European euro, daily average",1.4585
2023-07-29,"European euro, daily average",
2023-07-30,"European euro, daily average",
2023-07-31,"European euro, daily average",1.4517
2023-08-01,"European euro, daily average",1.458
2023-08-02,"European euro, daily average",1.4598
2023-08-03,"European euro, daily average",1.4609
2023-08-04,"European euro, daily average",1.4713
2023-08-05,"European euro, daily average",
2023-08-06,"European euro, daily average",
2023-08-07,"European euro, daily average",
2023-08-08,"European euro, daily average",1.4734
2023-08-09,"European euro, daily average",1.4746
2023-08-10,"European euro, daily average",1.4763
2023-08-11,"European euro, daily average",1.4734
2023-08-12,"European euro, daily average",
2023-08-13,"European euro, daily average",
2023-08-14,"European euro, daily average",1.469
2023-08-15,"European euro, daily average",1.4726
2023-08-16,"European euro, daily average",1.4731
2023-08-17,"European euro, daily average",1.4715
2023-08-18,"European euro, daily average",1.4733
2023-08-19,"European euro, daily average",
2023-08-20,"European euro, daily average",
2023-08-21,"European euro, daily average",1.4754
2023-08-22,"European euro, daily average",1.4706
2023-08-23,"European euro, daily average",1.4702
2023-08-24,"European euro, daily average",1.4685
2023-08-25,"European euro, daily average",1.4695
2023-08-26,"European euro, daily average",
2023-08-27,"European euro, daily average",
2023-08-28,"European euro, daily average",1.4695
2023-08-29,"European euro, daily average",1.474
2023-08-30,"European euro, daily average",1.4785
2023-08-31,"European euro, daily average",1.4682
2023-09-01,"European euro, daily average",1.4674
2023-09-02,"European euro, daily average",
2023-09-03,"European euro, daily average",
2023-09-04,"European euro, daily average",
2023-09-05,"European euro, daily average",1.4616
2023-09-06,"European euro, daily average",1.4642
2023-09-07,"European euro, daily average",1.4632
2023-09-08,"European euro, daily average",1.4599
2023-09-09,"European euro, daily average",
2023-09-10,"European euro, daily average",
2023-09-11,"European euro, daily average",1.459
2023-09-12,"European euro, daily average",1.4541
2023-09-13,"European euro, daily average",1.4552
2023-09-14,"European euro, daily average",1.4405
2023-09-15,"European euro, daily average",1.4427
2023-09-16,"European euro, daily average",
2023-09-17,"European euro, daily average",
2023-09-18,"European euro, daily average",1.4407
2023-09-19,"European euro, daily average",1.435
2023-09-20,"European euro, daily average",1.4375
2023-09-21,"European euro, daily average",1.4373
2023-09-22,"European euro, daily average",1.4345
2023-09-23,"European euro, daily average",
2023-09-24,"European euro, daily average",
2023-09-25,"European euro, daily average",1.4275
2023-09-26,"European euro, daily average",1.4292
2023-09-27,"European euro, daily average",1.4211
2023-09-28,"European euro, daily average",1.4243
2023-09-29,"European euro, daily average",1.4304
2023-09-30,"European euro, daily average",
2023-10-01,"European euro, daily average",
2023-10-02,"European euro, daily average",
2023-10-03,"European euro, daily average",1.4354
2023-10-04,"European euro, daily average",1.4443
2023-10-05,"European euro, daily average",1.4462
2023-10-06,"European euro, daily average",1.4454
2023-10-07,"European euro, daily average",
2023-10-08,"European euro, daily average",
2023-10-09,"European euro, daily average",
2023-10-10,"European euro, daily average",1.4406
2023-10-11,"European euro, daily average",1.4432
2023-10-12,"European euro, daily average",1.4413
2023-10-13,"European euro, daily average",1.4363
2023-10-14,"European euro, daily average",
2023-10-15,"European euro, daily average",
2023-10-16,"European euro, daily average",1.4363
2023-10-17,"European euro, daily average",1.4428
2023-10-18,"European euro, daily average",1.443
2023-10-19,"European euro, daily average",1.4512
2023-10-20,"European euro, daily average",1.4502
2023-10-21,"European euro, daily average",
2023-10-22,"European euro, daily average",
2023-10-23,"European euro, daily average",1.457
2023-10-24,"European euro, daily average",1.4554
2023-10-25,"European euro, daily average",1.4576
2023-10-26,"European euro, daily average",1.4577
2023-10-27,"European euro, daily average",1.4652
2023-10-28,"European euro, daily average",
2023-10-29,"European euro, daily average",
2023-10-30,"European euro, daily average",1.4674
2023-10-31,"European euro, daily average",1.4692
2023-11-01,"European euro, daily average",1.4628
2023-11-02,"European euro, daily average",1.465
2023-11-03,"European euro, daily average",1.4669
2023-11-04,"European euro, daily average",
2023-11-05,"European euro, daily average",
2023-11-06,"European euro, daily average",1.4681
2023-11-07,"European euro, daily average",1.4703
2023-11-08,"European euro, daily average",1.476
2023-11-09,"European euro, daily average",1.4741
2023-11-10,"European euro, daily average",1.4756
2023-11-11,"European euro, daily average",
2023-11-12,"European euro, daily average",
2023-11-13,"European euro, daily average",
2023-11-14,"European euro, daily average",1.4887
2023-11-15,"European euro, daily average",1.4838
2023-11-16,"European euro, daily average",1.4936
2023-11-17,"European euro, daily average",1.4937
2023-11-18,"European euro, daily average",
2023-11-19,"European euro, daily average",
2023-11-20,"European euro, daily average",1.5016
2023-11-21,"European euro, daily average",1.4971
2023-11-22,"European euro, daily average",1.4931
2023-11-23,"European euro, daily average",1.4937
2023-11-24,"European euro, daily average",1.4898
2023-11-25,"European euro, daily average",
2023-11-26,"European euro, daily average",
2023-11-27,"European euro, daily average",1.4918
2023-11-28,"European euro, daily average",1.4915
2023-11-29,"European euro, daily average",1.4917
2023-11-30,"European euro, daily average",1.4808
2023-12-01,"European euro, daily average",1.4685
2023-12-02,"European euro, daily average",
2023-12-03,"European euro, daily average",
2023-12-04,"European euro, daily average",1.4664
2023-12-05,"European euro, daily average",1.4666
2023-12-06,"European euro, daily average",1.4637
2023-12-07,"European euro, daily average",1.4675
2023-12-08,"European euro, daily average",1.4618
2023-12-09,"European euro, daily average",
2023-12-10,"European euro, daily average",
2023-12-11,"European euro, daily average",1.4595
2023-12-12,"European euro, daily average",1.4673
2023-12-13,"European euro, daily average",1.4658
2023-12-14,"European euro, daily average",1.4735
2023-12-15,"European euro, daily average",1.4595
2023-12-16,"European euro, daily average",
2023-12-17,"European euro, daily average",
2023-12-18,"European euro, daily average",1.462
2023-12-19,"European euro, daily average",1.4643
2023-12-20,"European euro, daily average",1.4607
2023-12-21,"European euro, daily average",1.4628
2023-12-22,"European euro, daily average",1.4615
2023-12-23,"European euro, daily average",
2023-12-24,"European euro, daily average",
2023-12-25,"European euro, daily average",
2023-12-26,"European euro, daily average",
2023-12-27,"European euro, daily average",1.4656
2023-12-28,"European euro, daily average",1.464
2023-12-29,"European euro, daily average",1.4626
2023-12-30,"European euro, daily average",
2023-12-31,"European euro, daily average",
2023-01-01,"Japanese yen, daily average",
2023-01-02,"Japanese yen, daily average",
2023-01-03,"Japanese yen, daily average",0.01045
2023-01-04,"Japanese yen, daily average",0.01024
2023-01-05,"Japanese yen, daily average",0.01016
2023-01-06,"Japanese yen, daily average",0.01017
2023-01-07,"Japanese yen, daily average",
2023-01-08,"Japanese yen, daily average",
2023-01-09,"Japanese yen, daily average",0.01015
2023-01-10,"Japanese yen, daily average",0.01015
2023-01-11,"Japanese yen, daily average",0.01013
2023-01-12,"Japanese yen, daily average",0.01031
2023-01-13,"Japanese yen, daily average",0.01048
2023-01-14,"Japanese yen, daily average",
2023-01-15,"Japanese yen, daily average",
2023-01-16,"Japanese yen, daily average",0.01042
2023-01-17,"Japanese yen, daily average",0.01043
2023-01-18,"Japanese yen, daily average",0.01046
2023-01-19,"Japanese yen, daily average",0.01049
2023-01-20,"Japanese yen, daily average",0.01033
2023-01-21,"Japanese yen, daily average",
2023-01-22,"Japanese yen, daily average",
2023-01-23,"Japanese yen, daily average",0.01025
2023-01-24,"Japanese yen, daily average",0.01027
2023-01-25,"Japanese yen, daily average",0.01033
2023-01-26,"Japanese yen, daily average",0.01025
2023-01-27,"Japanese yen, daily average",0.01025
2023-01-28,"Japanese yen, daily average",
2023-01-29,"Japanese yen, daily average",
2023-01-30,"Japanese yen, daily average",0.01025
2023-01-31,"Japanese yen, daily average",0.01026
2023-02-01,"Japanese yen, daily average",0.0103
2023-02-02,"Japanese yen, daily average",0.01036
2023-02-03,"Japanese yen, daily average",0.01024
2023-02-04,"Japanese yen, daily average",
2023-02-05,"Japanese yen, daily average",
2023-02-06,"Japanese yen, daily average",0.01014
2023-02-07,"Japanese yen, daily average",0.01022
2023-02-08,"Japanese yen, daily average",0.01023
2023-02-09,"Japanese yen, daily average",0.01024
2023-02-10,"Japanese yen, daily average",0.01018
2023-02-11,"Japanese yen, daily average",
2023-02-12,"Japanese yen, daily average",
2023-02-13,"Japanese yen, daily average",0.01006
2023-02-14,"Japanese yen, daily average",0.01004
2023-02-15,"Japanese yen, daily average",0.01
2023-02-16,"Japanese yen, daily average",0.01003
2023-02-17,"Japanese yen, daily average",0.01004
2023-02-18,"Japanese yen, daily average",
2023-02-19,"Japanese yen, daily average",
2023-02-20,"Japanese yen, daily average",
2023-02-21,"Japanese yen, daily average",0.01002
2023-02-22,"Japanese yen, daily average",0.01005
2023-02-23,"Japanese yen, daily average",0.01005
2023-02-24,"Japanese yen, daily average",0.00999
2023-02-25,"Japanese yen, daily average",
2023-02-26,"Japanese yen, daily average",
2023-02-27,"Japanese yen, daily average",0.00997
2023-02-28,"Japanese yen, daily average",0.00999
2023-03-01,"Japanese yen, daily average",0.01001
2023-03-02,"Japanese yen, daily average",0.00995
2023-03-03,"Japanese yen, daily average",0.01
2023-03-04,"Japanese yen, daily average",
2023-03-05,"Japanese yen, daily average",
2023-03-06,"Japanese yen, daily average",0.01002
2023-03-07,"Japanese yen, daily average",0.01003
2023-03-08,"Japanese yen, daily average",0.01006
2023-03-09,"Japanese yen, daily average",0.01012
2023-03-10,"Japanese yen, daily average",0.01022
2023-03-11,"Japanese yen, daily average",
2023-03-12,"Japanese yen, daily average",
2023-03-13,"Japanese yen, daily average",0.01032
2023-03-14,"Japanese yen, daily average",0.01018
2023-03-15,"Japanese yen, daily average",0.01036
2023-03-16,"Japanese yen, daily average",0.01034
2023-03-17,"Japanese yen, daily average",0.0104
2023-03-18,"Japanese yen, daily average",
2023-03-19,"Japanese yen, daily average",
2023-03-20,"Japanese yen, daily average",0.0104
2023-03-21,"Japanese yen, daily average",0.01036
2023-03-22,"Japanese yen, daily average",0.01036
2023-03-23,"Japanese yen, daily average",0.01044
2023-03-24,"Japanese yen, daily average",0.01054
2023-03-25,"Japanese yen, daily average",
2023-03-26,"Japanese yen, daily average",
2023-03-27,"Japanese yen, daily average",0.0104
2023-03-28,"Japanese yen, daily average",0.01041
2023-03-29,"Japanese yen, daily average",0.01024
2023-03-30,"Japanese yen, daily average",0.01021
2023-03-31,"Japanese yen, daily average",0.01018
2023-04-01,"Japanese yen, daily average",
2023-04-02,"Japanese yen, daily average",
2023-04-03,"Japanese yen, daily average",0.01014
2023-04-04,"Japanese yen, daily average",0.01019
2023-04-05,"Japanese yen, daily average",0.01026
2023-04-06,"Japanese yen, daily average",0.01023
2023-04-07,"Japanese yen, daily average",
2023-04-08,"Japanese yen, daily average",
2023-04-09,"Japanese yen, daily average",
2023-04-10,"Japanese yen, daily average",0.01013
2023-04-11,"Japanese yen, daily average",0.0101
2023-04-12,"Japanese yen, daily average",0.0101
2023-04-13,"Japanese yen, daily average",0.01008
2023-04-14,"Japanese yen, daily average",0.01001
2023-04-15,"Japanese yen, daily average",
2023-04-16,"Japanese yen, daily average",
2023-04-17,"Japanese yen, daily average",0.00997
2023-04-18,"Japanese yen, daily average",0.00998
2023-04-19,"Japanese yen, daily average",0.00999
2023-04-20,"Japanese yen, daily average",0.01003
2023-04-21,"Japanese yen, daily average",0.0101
2023-04-22,"Japanese yen, daily average",
2023-04-23,"Japanese yen, daily average",
2023-04-24,"Japanese yen, daily average",0.01007
2023-04-25,"Japanese yen, daily average",0.01018
2023-04-26,"Japanese yen, daily average",0.0102
2023-04-27,"Japanese yen, daily average",0.01016
2023-04-28,"Japanese yen, daily average",0.00997
2023-04-29,"Japanese yen, daily average",
2023-04-30,"Japanese yen, daily average",
2023-05-01,"Japanese yen, daily average",0.00987
2023-05-02,"Japanese yen, daily average",0.00996
2023-05-03,"Japanese yen, daily average",0.01006
2023-05-04,"Japanese yen, daily average",0.01011
2023-05-05,"Japanese yen, daily average",0.00996
2023-05-06,"Japanese yen, daily average",
2023-05-07,"Japanese yen, daily average",
2023-05-08,"Japanese yen, daily average",0.0099
2023-05-09,"Japanese yen, daily average",0.00991
2023-05-10,"Japanese yen, daily average",0.00995
2023-05-11,"Japanese yen, daily average",0.01003
2023-05-12,"Japanese yen, daily average",0.01
2023-05-13,"Japanese yen, daily average",
2023-05-14,"Japanese yen, daily average",
2023-05-15,"Japanese yen, daily average",0.00991
2023-05-16,"Japanese yen, daily average",0.00987
2023-05-17,"Japanese yen, daily average",0.0098
2023-05-18,"Japanese yen, daily average",0.00975
2023-05-19,"Japanese yen, daily average",0.00978
2023-05-20,"Japanese yen, daily average",
2023-05-21,"Japanese yen, daily average",
2023-05-22,"Japanese yen, daily average",
2023-05-23,"Japanese yen, daily average",0.00974
2023-05-24,"Japanese yen, daily average",0.00977
2023-05-25,"Japanese yen, daily average",0.00975
2023-05-26,"Japanese yen, daily average",0.0097
2023-05-27,"Japanese yen, daily average",
2023-05-28,"Japanese yen, daily average",
2023-05-29,"Japanese yen, daily average",0.00969
2023-05-30,"Japanese yen, daily average",0.00973
2023-05-31,"Japanese yen, daily average",0.00974
2023-06-01,"Japanese yen, daily average",0.00971
2023-06-02,"Japanese yen, daily average",0.00962
2023-06-03,"Japanese yen, daily average",
2023-06-04,"Japanese yen, daily average",
2023-06-05,"Japanese yen, daily average",0.00961
2023-06-06,"Japanese yen, daily average",0.0096
2023-06-07,"Japanese yen, daily average",0.00956
2023-06-08,"Japanese yen, daily average",0.00961
2023-06-09,"Japanese yen, daily average",0.00957
2023-06-10,"Japanese yen, daily average",
2023-06-11,"Japanese yen, daily average",
2023-06-12,"Japanese yen, daily average",0.00958
2023-06-13,"Japanese yen, daily average",0.00952
2023-06-14,"Japanese yen, daily average",0.00953
2023-06-15,"Japanese yen, daily average",0.00943
2023-06-16,"Japanese yen, daily average",0.00932
2023-06-17,"Japanese yen, daily average",
2023-06-18,"Japanese yen, daily average",
2023-06-19,"Japanese yen, daily average",0.00931
2023-06-20,"Japanese yen, daily average",0.00936
2023-06-21,"Japanese yen, daily average",0.00929
2023-06-22,"Japanese yen, daily average",0.00922
2023-06-23,"Japanese yen, daily average",0.00919
2023-06-24,"Japanese yen, daily average",
2023-06-25,"Japanese yen, daily average",
2023-06-26,"Japanese yen, daily average",0.00917
2023-06-27,"Japanese yen, daily average",0.00916
2023-06-28,"Japanese yen, daily average",0.00918
2023-06-29,"Japanese yen, daily average",0.00916
2023-06-30,"Japanese yen, daily average",0.00917
2023-07-01,"Japanese yen, daily average",
2023-07-02,"Japanese yen, daily average",
2023-07-03,"Japanese yen, daily average",
2023-07-04,"Japanese yen, daily average",0.00915
2023-07-05,"Japanese yen, daily average",0.00918
2023-07-06,"Japanese yen, daily average",0.00926
2023-07-07,"Japanese yen, daily average",0.00934
2023-07-08,"Japanese yen, daily average",
2023-07-09,"Japanese yen, daily average",
2023-07-10,"Japanese yen, daily average",0.00938
2023-07-11,"Japanese yen, daily average",0.00944
2023-07-12,"Japanese yen, daily average",0.00951
2023-07-13,"Japanese yen, daily average",0.0095
2023-07-14,"Japanese yen, daily average",0.0095
2023-07-15,"Japanese yen, daily average",
2023-07-16,"Japanese yen, daily average",
2023-07-17,"Japanese yen, daily average",0.00949
2023-07-18,"Japanese yen, daily average",0.00951
2023-07-19,"Japanese yen, daily average",0.00943
2023-07-20,"Japanese yen, daily average",0.0094
2023-07-21,"Japanese yen, daily average",0.00933
2023-07-22,"Japanese yen, daily average",
2023-07-23,"Japanese yen, daily average",
2023-07-24,"Japanese yen, daily average",0.00932
2023-07-25,"Japanese yen, daily average",0.00934
2023-07-26,"Japanese yen, daily average",0.00942
2023-07-27,"Japanese yen, daily average",0.0094
2023-07-28,"Japanese yen, daily average",0.00941
2023-07-29,"Japanese yen, daily average",
2023-07-30,"Japanese yen, daily average",
2023-07-31,"Japanese yen, daily average",0.00927
2023-08-01,"Japanese yen, daily average",0.00927
2023-08-02,"Japanese yen, daily average",0.00931
2023-08-03,"Japanese yen, daily average",0.00936
2023-08-04,"Japanese yen, daily average",0.00941
2023-08-05,"Japanese yen, daily average",
2023-08-06,"Japanese yen, daily average",
2023-08-07,"Japanese yen, daily average",
2023-08-08,"Japanese yen, daily average",0.00939
2023-08-09,"Japanese yen, daily average",0.00936
2023-08-10,"Japanese yen, daily average",0.00929
2023-08-11,"Japanese yen, daily average",0.00928
2023-08-12,"Japanese yen, daily average",
2023-08-13,"Japanese yen, daily average",
2023-08-14,"Japanese yen, daily average",0.00926
2023-08-15,"Japanese yen, daily average",0.00927
2023-08-16,"Japanese yen, daily average",0.00926
2023-08-17,"Japanese yen, daily average",0.00926
2023-08-18,"Japanese yen, daily average",0.00933
2023-08-19,"Japanese yen, daily average",
2023-08-20,"Japanese yen, daily average",
2023-08-21,"Japanese yen, daily average",0.00927
2023-08-22,"Japanese yen, daily average",0.00929
2023-08-23,"Japanese yen, daily average",0.00935
2023-08-24,"Japanese yen, daily average",0.00931
2023-08-25,"Japanese yen, daily average",0.0093
2023-08-26,"Japanese yen, daily average",
2023-08-27,"Japanese yen, daily average",
2023-08-28,"Japanese yen, daily average",0.00928
2023-08-29,"Japanese yen, daily average",0.00929
2023-08-30,"Japanese yen, daily average",0.00927
2023-08-31,"Japanese yen, daily average",0.00929
2023-09-01,"Japanese yen, daily average",0.00931
2023-09-02,"Japanese yen, daily average",
2023-09-03,"Japanese yen, daily average",
2023-09-04,"Japanese yen, daily average",
2023-09-05,"Japanese yen, daily average",0.00923
2023-09-06,"Japanese yen, daily average",0.00925
2023-09-07,"Japanese yen, daily average",0.00929
2023-09-08,"Japanese yen, daily average",0.00923
2023-09-09,"Japanese yen, daily average",
2023-09-10,"Japanese yen, daily average",
2023-09-11,"Japanese yen, daily average",0.00927
2023-09-12,"Japanese yen, daily average",0.00922
2023-09-13,"Japanese yen, daily average",0.00919
2023-09-14,"Japanese yen, daily average",0.00918
2023-09-15,"Japanese yen, daily average",0.00915
2023-09-16,"Japanese yen, daily average",
2023-09-17,"Japanese yen, daily average",
2023-09-18,"Japanese yen, daily average",0.00914
2023-09-19,"Japanese yen, daily average",0.00908
2023-09-20,"Japanese yen, daily average",0.00908
2023-09-21,"Japanese yen, daily average",0.00914
2023-09-22,"Japanese yen, daily average",0.00908
2023-09-23,"Japanese yen, daily average",
2023-09-24,"Japanese yen, daily average",
2023-09-25,"Japanese yen, daily average",0.00905
2023-09-26,"Japanese yen, daily average",0.00907
2023-09-27,"Japanese yen, daily average",0.00904
2023-09-28,"Japanese yen, daily average",0.00904
2023-09-29,"Japanese yen, daily average",0.00905
2023-09-30,"Japanese yen, daily average",
2023-10-01,"Japanese yen, daily average",
2023-10-02,"Japanese yen, daily average",
2023-10-03,"Japanese yen, daily average",0.00919
2023-10-04,"Japanese yen, daily average",0.00923
2023-10-05,"Japanese yen, daily average",0.00924
2023-10-06,"Japanese yen, daily average",0.00917
2023-10-07,"Japanese yen, daily average",
2023-10-08,"Japanese yen, daily average",
2023-10-09,"Japanese yen, daily average",
2023-10-10,"Japanese yen, daily average",0.00913
2023-10-11,"Japanese yen, daily average",0.00912
2023-10-12,"Japanese yen, daily average",0.00913
2023-10-13,"Japanese yen, daily average",0.00913
2023-10-14,"Japanese yen, daily average",
2023-10-15,"Japanese yen, daily average",
2023-10-16,"Japanese yen, daily average",0.0091
2023-10-17,"Japanese yen, daily average",0.00911
2023-10-18,"Japanese yen, daily average",0.00914
2023-10-19,"Japanese yen, daily average",0.00915
2023-10-20,"Japanese yen, daily average",0.00914
2023-10-21,"Japanese yen, daily average",
2023-10-22,"Japanese yen, daily average",
2023-10-23,"Japanese yen, daily average",0.00914
2023-10-24,"Japanese yen, daily average",0.00916
2023-10-25,"Japanese yen, daily average",0.00919
2023-10-26,"Japanese yen, daily average",0.00919
2023-10-27,"Japanese yen, daily average",0.00926
2023-10-28,"Japanese yen, daily average",
2023-10-29,"Japanese yen, daily average",
2023-10-30,"Japanese yen, daily average",0.00927
2023-10-31,"Japanese yen, daily average",0.00917
2023-11-01,"Japanese yen, daily average",0.00918
2023-11-02,"Japanese yen, daily average",0.00916
2023-11-03,"Japanese yen, daily average",0.00916
2023-11-04,"Japanese yen, daily average",
2023-11-05,"Japanese yen, daily average",
2023-11-06,"Japanese yen, daily average",0.00913
2023-11-07,"Japanese yen, daily average",0.00914
2023-11-08,"Japanese yen, daily average",0.00914
2023-11-09,"Japanese yen, daily average",0.00912
2023-11-10,"Japanese yen, daily average",0.00912
2023-11-11,"Japanese yen, daily average",
2023-11-12,"Japanese yen, daily average",
2023-11-13,"Japanese yen, daily average",
2023-11-14,"Japanese yen, daily average",0.00911
2023-11-15,"Japanese yen, daily average",0.00905
2023-11-16,"Japanese yen, daily average",0.00913
2023-11-17,"Japanese yen, daily average",0.00917
2023-11-18,"Japanese yen, daily average",
2023-11-19,"Japanese yen, daily average",
2023-11-20,"Japanese yen, daily average",0.00925
2023-11-21,"Japanese yen, daily average",0.00926
2023-11-22,"Japanese yen, daily average",0.00918
2023-11-23,"Japanese yen, daily average",0.00916
2023-11-24,"Japanese yen, daily average",0.00911
2023-11-25,"Japanese yen, daily average",
2023-11-26,"Japanese yen, daily average",
2023-11-27,"Japanese yen, daily average",0.00916
2023-11-28,"Japanese yen, daily average",0.00919
2023-11-29,"Japanese yen, daily average",0.00922
2023-11-30,"Japanese yen, daily average",0.00917
2023-12-01,"Japanese yen, daily average",0.00917
2023-12-02,"Japanese yen, daily average",
2023-12-03,"Japanese yen, daily average",
2023-12-04,"Japanese yen, daily average",0.00921
2023-12-05,"Japanese yen, daily average",0.00923
2023-12-06,"Japanese yen, daily average",0.00922
2023-12-07,"Japanese yen, daily average",0.00944
2023-12-08,"Japanese yen, daily average",0.00939
2023-12-09,"Japanese yen, daily average",
2023-12-10,"Japanese yen, daily average",
2023-12-11,"Japanese yen, daily average",0.00928
2023-12-12,"Japanese yen, daily average",0.00934
2023-12-13,"Japanese yen, daily average",0.00936
2023-12-14,"Japanese yen, daily average",0.00946
2023-12-15,"Japanese yen, daily average",0.00942
2023-12-16,"Japanese yen, daily average",
2023-12-17,"Japanese yen, daily average",
2023-12-18,"Japanese yen, daily average",0.00936
2023-12-19,"Japanese yen, daily average",0.00927
2023-12-20,"Japanese yen, daily average",0.00928
2023-12-21,"Japanese yen, daily average",0.00935
2023-12-22,"Japanese yen, daily average",0.00932
2023-12-23,"Japanese yen, daily average",
2023-12-24,"Japanese yen, daily average",
2023-12-25,"Japanese yen, daily average",
2023-12-26,"Japanese yen, daily average",
2023-12-27,"Japanese yen, daily average",0.00929
2023-12-28,"Japanese yen, daily average",0.00936
2023-12-29,"Japanese yen, daily average",0.00935
2023-12-30,"Japanese yen, daily average",
2023-12-31,"Japanese yen, daily average",
2023-01-01,"U.S. dollar, daily average",
2023-01-02,"U.S. dollar, daily average",
2023-01-03,"U.S. dollar, daily average",1.3658
2023-01-04,"U.S. dollar, daily average",1.3508
2023-01-05,"U.S. dollar, daily average",1.3564
2023-01-06,"U.S. dollar, daily average",1.3486
2023-01-07,"U.S. dollar, daily average",
2023-01-08,"U.S. dollar, daily average",
2023-01-09,"U.S. dollar, daily average",1.3376
2023-01-10,"U.S. dollar, daily average",1.3421
2023-01-11,"U.S. dollar, daily average",1.3425
2023-01-12,"U.S. dollar, daily average",1.3378
2023-01-13,"U.S. dollar, daily average",1.3406
2023-01-14,"U.S. dollar, daily average",
2023-01-15,"U.S. dollar, daily average",
2023-01-16,"U.S. dollar, daily average",1.3397
2023-01-17,"U.S. dollar, daily average",1.339
2023-01-18,"U.S. dollar, daily average",1.3439
2023-01-19,"U.S. dollar, daily average",1.3472
2023-01-20,"U.S. dollar, daily average",1.3421
2023-01-21,"U.S. dollar, daily average",
2023-01-22,"U.S. dollar, daily average",
2023-01-23,"U.S. dollar, daily average",1.3382
2023-01-24,"U.S. dollar, daily average",1.337
2023-01-25,"U.S. dollar, daily average",1.3393
2023-01-26,"U.S. dollar, daily average",1.3349
2023-01-27,"U.S. dollar, daily average",1.3314
2023-01-28,"U.S. dollar, daily average",
2023-01-29,"U.S. dollar, daily average",
2023-01-30,"U.S. dollar, daily average",1.3356
2023-01-31,"U.S. dollar, daily average",1.335
2023-02-01,"U.S. dollar, daily average",1.3321
2023-02-02,"U.S. dollar, daily average",1.3312
2023-02-03,"U.S. dollar, daily average",1.3391
2023-02-04,"U.S. dollar, daily average",
2023-02-05,"U.S. dollar, daily average",
2023-02-06,"U.S. dollar, daily average",1.3442
2023-02-07,"U.S. dollar, daily average",1.3435
2023-02-08,"U.S. dollar, daily average",1.3429
2023-02-09,"U.S. dollar, daily average",1.3427
2023-02-10,"U.S. dollar, daily average",1.3362
2023-02-11,"U.S. dollar, daily average",
2023-02-12,"U.S. dollar, daily average",
2023-02-13,"U.S. dollar, daily average",1.3343
2023-02-14,"U.S. dollar, daily average",1.3345
2023-02-15,"U.S. dollar, daily average",1.3411
2023-02-16,"U.S. dollar, daily average",1.3439
2023-02-17,"U.S. dollar, daily average",1.3487
2023-02-18,"U.S. dollar, daily average",
2023-02-19,"U.S. dollar, daily average",
2023-02-20,"U.S. dollar, daily average",
2023-02-21,"U.S. dollar, daily average",1.3516
2023-02-22,"U.S. dollar, daily average",1.3542
2023-02-23,"U.S. dollar, daily average",1.3549
2023-02-24,"U.S. dollar, daily average",1.3622
2023-02-25,"U.S. dollar, daily average",
2023-02-26,"U.S. dollar, daily average",
2023-02-27,"U.S. dollar, daily average",1.3573
2023-02-28,"U.S. dollar, daily average",1.3609
2023-03-01,"U.S. dollar, daily average",1.3612
2023-03-02,"U.S. dollar, daily average",1.3614
2023-03-03,"U.S. dollar, daily average",1.361
2023-03-04,"U.S. dollar, daily average",
2023-03-05,"U.S. dollar, daily average",
2023-03-06,"U.S. dollar, daily average",1.3615
2023-03-07,"U.S. dollar, daily average",1.3717
2023-03-08,"U.S. dollar, daily average",1.3785
2023-03-09,"U.S. dollar, daily average",1.379
2023-03-10,"U.S. dollar, daily average",1.3807
2023-03-11,"U.S. dollar, daily average",
2023-03-12,"U.S. dollar, daily average",
2023-03-13,"U.S. dollar, daily average",1.373
2023-03-14,"U.S. dollar, daily average",1.3677
2023-03-15,"U.S. dollar, daily average",1.3778
2023-03-16,"U.S. dollar, daily average",1.3744
2023-03-17,"U.S. dollar, daily average",1.3734
2023-03-18,"U.S. dollar, daily average",
2023-03-19,"U.S. dollar, daily average",
2023-03-20,"U.S. dollar, daily average",1.3674
2023-03-21,"U.S. dollar, daily average",1.3706
2023-03-22,"U.S. dollar, daily average",1.3712
2023-03-23,"U.S. dollar, daily average",1.3671
2023-03-24,"U.S. dollar, daily average",1.3763
2023-03-25,"U.S. dollar, daily average",
2023-03-26,"U.S. dollar, daily average",
2023-03-27,"U.S. dollar, daily average",1.3682
2023-03-28,"U.S. dollar, daily average",1.3626
2023-03-29,"U.S. dollar, daily average",1.3576
2023-03-30,"U.S. dollar, daily average",1.3533
2023-03-31,"U.S. dollar, daily average",1.3533
2023-04-01,"U.S. dollar, daily average",
2023-04-02,"U.S. dollar, daily average",
2023-04-03,"U.S. dollar, daily average",1.3438
2023-04-04,"U.S. dollar, daily average",1.3447
2023-04-05,"U.S. dollar, daily average",1.3457
2023-04-06,"U.S. dollar, daily average",1.3478
2023-04-07,"U.S. dollar, daily average",
2023-04-08,"U.S. dollar, daily average",
2023-04-09,"U.S. dollar, daily average",
2023-04-10,"U.S. dollar, daily average",1.3527
2023-04-11,"U.S. dollar, daily average",1.3483
2023-04-12,"U.S. dollar, daily average",1.3447
2023-04-13,"U.S. dollar, daily average",1.3359
2023-04-14,"U.S. dollar, daily average",1.3362
2023-04-15,"U.S. dollar, daily average",
2023-04-16,"U.S. dollar, daily average",
2023-04-17,"U.S. dollar, daily average",1.3398
2023-04-18,"U.S. dollar, daily average",1.3387
2023-04-19,"U.S. dollar, daily average",1.3445
2023-04-20,"U.S. dollar, daily average",1.3469
2023-04-21,"U.S. dollar, daily average",1.3539
2023-04-22,"U.S. dollar, daily average",
2023-04-23,"U.S. dollar, daily average",
2023-04-24,"U.S. dollar, daily average",1.3542
2023-04-25,"U.S. dollar, daily average",1.3623
2023-04-26,"U.S. dollar, daily average",1.3625
2023-04-27,"U.S. dollar, daily average",1.3612
2023-04-28,"U.S. dollar, daily average",1.3578
2023-04-29,"U.S. dollar, daily average",
2023-04-30,"U.S. dollar, daily average",
2023-05-01,"U.S. dollar, daily average",1.3546
2023-05-02,"U.S. dollar, daily average",1.3618
2023-05-03,"U.S. dollar, daily average",1.3616
2023-05-04,"U.S. dollar, daily average",1.3566
2023-05-05,"U.S. dollar, daily average",1.3427
2023-05-06,"U.S. dollar, daily average",
2023-05-07,"U.S. dollar, daily average",
2023-05-08,"U.S. dollar, daily average",1.3354
2023-05-09,"U.S. dollar, daily average",1.339
2023-05-10,"U.S. dollar, daily average",1.3375
2023-05-11,"U.S. dollar, daily average",1.3477
2023-05-12,"U.S. dollar, daily average",1.3534
2023-05-13,"U.S. dollar, daily average",
2023-05-14,"U.S. dollar, daily average",
2023-05-15,"U.S. dollar, daily average",1.3487
2023-05-16,"U.S. dollar, daily average",1.3456
2023-05-17,"U.S. dollar, daily average",1.3463
2023-05-18,"U.S. dollar, daily average",1.35
2023-05-19,"U.S. dollar, daily average",1.3503
2023-05-20,"U.S. dollar, daily average",
2023-05-21,"U.S. dollar, daily average",
2023-05-22,"U.S. dollar, daily average",
2023-05-23,"U.S. dollar, daily average",1.3504
2023-05-24,"U.S. dollar, daily average",1.3582
2023-05-25,"U.S. dollar, daily average",1.3628
2023-05-26,"U.S. dollar, daily average",1.3623
2023-05-27,"U.S. dollar, daily average",
2023-05-28,"U.S. dollar, daily average",
2023-05-29,"U.S. dollar, daily average",1.3593
2023-05-30,"U.S. dollar, daily average",1.3598
2023-05-31,"U.S. dollar, daily average",1.3603
2023-06-01,"U.S. dollar, daily average",1.3482
2023-06-02,"U.S. dollar, daily average",1.3435
2023-06-03,"U.S. dollar, daily average",
2023-06-04,"U.S. dollar, daily average",
2023-06-05,"U.S. dollar, daily average",1.3434
2023-06-06,"U.S. dollar, daily average",1.3419
2023-06-07,"U.S. dollar, daily average",1.3376
2023-06-08,"U.S. dollar, daily average",1.3358
2023-06-09,"U.S. dollar, daily average",1.3341
2023-06-10,"U.S. dollar, daily average",
2023-06-11,"U.S. dollar, daily average",
2023-06-12,"U.S. dollar, daily average",1.3366
2023-06-13,"U.S. dollar, daily average",1.331
2023-06-14,"U.S. dollar, daily average",1.3297
2023-06-15,"U.S. dollar, daily average",1.3252
2023-06-16,"U.S. dollar, daily average",1.3198
2023-06-17,"U.S. dollar, daily average",
2023-06-18,"U.S. dollar, daily average",
2023-06-19,"U.S. dollar, daily average",1.3206
2023-06-20,"U.S. dollar, daily average",1.3241
2023-06-21,"U.S. dollar, daily average",1.3183
2023-06-22,"U.S. dollar, daily average",1.316
2023-06-23,"U.S. dollar, daily average",1.3199
2023-06-24,"U.S. dollar, daily average",
2023-06-25,"U.S. dollar, daily average",
2023-06-26,"U.S. dollar, daily average",1.3151
2023-06-27,"U.S. dollar, daily average",1.3175
2023-06-28,"U.S. dollar, daily average",1.3254
2023-06-29,"U.S. dollar, daily average",1.3255
2023-06-30,"U.S. dollar, daily average",1.324
2023-07-01,"U.S. dollar, daily average",
2023-07-02,"U.S. dollar, daily average",
2023-07-03,"U.S. dollar, daily average",
2023-07-04,"U.S. dollar, daily average",1.3219
2023-07-05,"U.S. dollar, daily average",1.3273
2023-07-06,"U.S. dollar, daily average",1.3348
2023-07-07,"U.S. dollar, daily average",1.3293
2023-07-08,"U.S. dollar, daily average",
2023-07-09,"U.S. dollar, daily average",
2023-07-10,"U.S. dollar, daily average",1.3284
2023-07-11,"U.S. dollar, daily average",1.326
2023-07-12,"U.S. dollar, daily average",1.3188
2023-07-13,"U.S. dollar, daily average",1.3128
2023-07-14,"U.S. dollar, daily average",1.3183
2023-07-15,"U.S. dollar, daily average",
2023-07-16,"U.S. dollar, daily average",
2023-07-17,"U.S. dollar, daily average",1.3187
2023-07-18,"U.S. dollar, daily average",1.319
2023-07-19,"U.S. dollar, daily average",1.317
2023-07-20,"U.S. dollar, daily average",1.3171
2023-07-21,"U.S. dollar, daily average",1.3212
2023-07-22,"U.S. dollar, daily average",
2023-07-23,"U.S. dollar, daily average",
2023-07-24,"U.S. dollar, daily average",1.3172
2023-07-25,"U.S. dollar, daily average",1.3184
2023-07-26,"U.S. dollar, daily average",1.322
2023-07-27,"U.S. dollar, daily average",1.3201
2023-07-28,"U.S. dollar, daily average",1.3232
2023-07-29,"U.S. dollar, daily average",
2023-07-30,"U.S. dollar, daily average",
2023-07-31,"U.S. dollar, daily average",1.3177
2023-08-01,"U.S. dollar, daily average",1.3291
2023-08-02,"U.S. dollar, daily average",1.3335
2023-08-03,"U.S. dollar, daily average",1.3351
2023-08-04,"U.S. dollar, daily average",1.3355
2023-08-05,"U.S. dollar, daily average",
2023-08-06,"U.S. dollar, daily average",
2023-08-07,"U.S. dollar, daily average",
2023-08-08,"U.S. dollar, daily average",1.3456
2023-08-09,"U.S. dollar, daily average",1.3431
2023-08-10,"U.S. dollar, daily average",1.3409
2023-08-11,"U.S. dollar, daily average",1.3443
2023-08-12,"U.S. dollar, daily average",
2023-08-13,"U.S. dollar, daily average",
2023-08-14,"U.S. dollar, daily average",1.3461
2023-08-15,"U.S. dollar, daily average",1.3482
2023-08-16,"U.S. dollar, daily average",1.3518
2023-08-17,"U.S. dollar, daily average",1.3524
2023-08-18,"U.S. dollar, daily average",1.3552
2023-08-19,"U.S. dollar, daily average",
2023-08-20,"U.S. dollar, daily average",
2023-08-21,"U.S. dollar, daily average",1.3543
2023-08-22,"U.S. dollar, daily average",1.3549
2023-08-23,"U.S. dollar, daily average",1.3552
2023-08-24,"U.S. dollar, daily average",1.3565
2023-08-25,"U.S. dollar, daily average",1.3606
2023-08-26,"U.S. dollar, daily average",
2023-08-27,"U.S. dollar, daily average",
2023-08-28,"U.S. dollar, daily average",1.3596
2023-08-29,"U.S. dollar, daily average",1.3593
2023-08-30,"U.S. dollar, daily average",1.3535
2023-08-31,"U.S. dollar, daily average",1.3531
2023-09-01,"U.S. dollar, daily average",1.358
2023-09-02,"U.S. dollar, daily average",
2023-09-03,"U.S. dollar, daily average",
2023-09-04,"U.S. dollar, daily average",
2023-09-05,"U.S. dollar, daily average",1.3627
2023-09-06,"U.S. dollar, daily average",1.3654
2023-09-07,"U.S. dollar, daily average",1.3674
2023-09-08,"U.S. dollar, daily average",1.3632
2023-09-09,"U.S. dollar, daily average",
2023-09-10,"U.S. dollar, daily average",
2023-09-11,"U.S. dollar, daily average",1.3581
2023-09-12,"U.S. dollar, daily average",1.356
2023-09-13,"U.S. dollar, daily average",1.3551
2023-09-14,"U.S. dollar, daily average",1.3515
2023-09-15,"U.S. dollar, daily average",1.3526
2023-09-16,"U.S. dollar, daily average",
2023-09-17,"U.S. dollar, daily average",
2023-09-18,"U.S. dollar, daily average",1.3491
2023-09-19,"U.S. dollar, daily average",1.3426
2023-09-20,"U.S. dollar, daily average",1.3423
2023-09-21,"U.S. dollar, daily average",1.3486
2023-09-22,"U.S. dollar, daily average",1.3464
2023-09-23,"U.S. dollar, daily average",
2023-09-24,"U.S. dollar, daily average",
2023-09-25,"U.S. dollar, daily average",1.3471
2023-09-26,"U.S. dollar, daily average",1.3509
2023-09-27,"U.S. dollar, daily average",1.3515
2023-09-28,"U.S. dollar, daily average",1.3493
2023-09-29,"U.S. dollar, daily average",1.352
2023-09-30,"U.S. dollar, daily average",
2023-10-01,"U.S. dollar, daily average",
2023-10-02,"U.S. dollar, daily average",
2023-10-03,"U.S. dollar, daily average",1.3711
2023-10-04,"U.S. dollar, daily average",1.3743
2023-10-05,"U.S. dollar, daily average",1.3733
2023-10-06,"U.S. dollar, daily average",1.3683
2023-10-07,"U.S. dollar, daily average",
2023-10-08,"U.S. dollar, daily average",
2023-10-09,"U.S. dollar, daily average",
2023-10-10,"U.S. dollar, daily average",1.3591
2023-10-11,"U.S. dollar, daily average",1.3603
2023-10-12,"U.S. dollar, daily average",1.3657
2023-10-13,"U.S. dollar, daily average",1.3661
2023-10-14,"U.S. dollar, daily average",
2023-10-15,"U.S. dollar, daily average",
2023-10-16,"U.S. dollar, daily average",1.3619
2023-10-17,"U.S. dollar, daily average",1.3647
2023-10-18,"U.S. dollar, daily average",1.3685
2023-10-19,"U.S. dollar, daily average",1.3715
2023-10-20,"U.S. dollar, daily average",1.3695
2023-10-21,"U.S. dollar, daily average",
2023-10-22,"U.S. dollar, daily average",
2023-10-23,"U.S. dollar, daily average",1.3693
2023-10-24,"U.S. dollar, daily average",1.3731
2023-10-25,"U.S. dollar, daily average",1.3782
2023-10-26,"U.S. dollar, daily average",1.3825
2023-10-27,"U.S. dollar, daily average",1.3857
2023-10-28,"U.S. dollar, daily average",
2023-10-29,"U.S. dollar, daily average",
2023-10-30,"U.S. dollar, daily average",1.3833
2023-10-31,"U.S. dollar, daily average",1.3871
2023-11-01,"U.S. dollar, daily average",1.3875
2023-11-02,"U.S. dollar, daily average",1.3778
2023-11-03,"U.S. dollar, daily average",1.3683
2023-11-04,"U.S. dollar, daily average",
2023-11-05,"U.S. dollar, daily average",
2023-11-06,"U.S. dollar, daily average",1.3676
2023-11-07,"U.S. dollar, daily average",1.376
2023-11-08,"U.S. dollar, daily average",1.3797
2023-11-09,"U.S. dollar, daily average",1.3781
2023-11-10,"U.S. dollar, daily average",1.3819
2023-11-11,"U.S. dollar, daily average",
2023-11-12,"U.S. dollar, daily average",
2023-11-13,"U.S. dollar, daily average",
2023-11-14,"U.S. dollar, daily average",1.3725
2023-11-15,"U.S. dollar, daily average",1.3675
2023-11-16,"U.S. dollar, daily average",1.375
2023-11-17,"U.S. dollar, daily average",1.3722
2023-11-18,"U.S. dollar, daily average",
2023-11-19,"U.S. dollar, daily average",
2023-11-20,"U.S. dollar, daily average",1.3726
2023-11-21,"U.S. dollar, daily average",1.3698
2023-11-22,"U.S. dollar, daily average",1.3723
2023-11-23,"U.S. dollar, daily average",1.3699
2023-11-24,"U.S. dollar, daily average",1.3623
2023-11-25,"U.S. dollar, daily average",
2023-11-26,"U.S. dollar, daily average",
2023-11-27,"U.S. dollar, daily average",1.3635
2023-11-28,"U.S. dollar, daily average",1.3581
2023-11-29,"U.S. dollar, daily average",1.359
2023-11-30,"U.S. dollar, daily average",1.3582
2023-12-01,"U.S. dollar, daily average",1.3507
2023-12-02,"U.S. dollar, daily average",
2023-12-03,"U.S. dollar, daily average",
2023-12-04,"U.S. dollar, daily average",1.3541
2023-12-05,"U.S. dollar, daily average",1.3579
2023-12-06,"U.S. dollar, daily average",1.3574
2023-12-07,"U.S. dollar, daily average",1.3597
2023-12-08,"U.S. dollar, daily average",1.3588
2023-12-09,"U.S. dollar, daily average",
2023-12-10,"U.S. dollar, daily average",
2023-12-11,"U.S. dollar, daily average",1.357
2023-12-12,"U.S. dollar, daily average",1.3599
2023-12-13,"U.S. dollar, daily average",1.3561
2023-12-14,"U.S. dollar, daily average",1.3419
2023-12-15,"U.S. dollar, daily average",1.3378
2023-12-16,"U.S. dollar, daily average",
2023-12-17,"U.S. dollar, daily average",
2023-12-18,"U.S. dollar, daily average",1.3387
2023-12-19,"U.S. dollar, daily average",1.3344
2023-12-20,"U.S. dollar, daily average",1.3331
2023-12-21,"U.S. dollar, daily average",1.3311
2023-12-22,"U.S. dollar, daily average",1.3258
2023-12-23,"U.S. dollar, daily average",
2023-12-24,"U.S. dollar, daily average",
2023-12-25,"U.S. dollar, daily average",
2023-12-26,"U.S. dollar, daily average",
2023-12-27,"U.S. dollar, daily average",1.3205
2023-12-28,"U.S. dollar, daily average",1.3212
2023-12-29,"U.S. dollar, daily average",1.3226
2023-12-30,"U.S. dollar, daily average",
2023-12-31,"U.S. dollar, daily average",